name|name2|name3|name4
Maya P. Rowe|Dale T. Woods|Talon S. Merrill|Harrison A. Sears
Quemby G. Garrett|Fatima F. Collins|Emerson W. Wallace|Hyacinth R. Estrada
Carissa U. Flores|Vernon K. Peters|Nash J. Taylor|Castor N. Bernard
Branden E. Shaffer|Levi V. Bernard|Mona W. Baldwin|Patricia O. Church
Ori S. Alford|Tanner O. Ross|Joel W. Mclaughlin|Nigel W. Lee
Julian O. Price|Isaiah V. Mcgee|Lana Z. Small|Nerea V. Johnson
Cassandra N. Lowery|Nora J. Blanchard|Margaret P. Farley|Axel F. Wiggins
Stephen A. Acosta|Elizabeth X. Pena|Darius Q. Good|Clinton H. Taylor
Arden K. Bowen|Mariko R. Vang|Zane C. Lee|Latifah R. Morrow
Lee R. Thomas|Kirby Q. Cash|Slade M. Lang|Xanthus A. Rojas
Mari P. Barlow|Tate P. Chavez|Chaney H. Dominguez|Yen X. Best
John V. Lindsay|Lael U. Newman|Bethany W. Horn|Rhiannon Q. Lawrence
Brody G. Dawson|Keith O. Baldwin|Brock P. Thompson|Dolan V. Becker
Kennedy T. Berg|Lewis C. Acevedo|Hayley W. Roy|Aurelia P. Haynes
Levi P. Hunter|Selma S. Randolph|Uma X. Nguyen|Risa K. Lindsey
Macaulay D. Jarvis|Todd B. Curry|Madison U. Welch|Jillian O. Rogers
Tyler D. Preston|Kyla A. Greer|Emerson I. Dudley|Hyatt V. Le
Zia V. Mcclure|James V. Valdez|Stephanie U. Sweeney|Leilani O. Colon
Ali N. Meyer|Hannah L. Townsend|Asher F. Gilmore|Noelani C. Leach
Bree E. Flores|Quentin J. Norton|Graham X. Blair|Jamal J. Melendez
Desiree K. Elliott|Drake E. Ortiz|Clinton N. Bradford|Ross J. Goodman
Ursa Q. Mcmahon|Zeph C. Lang|Idola T. Whitaker|Patricia G. Farmer
Josiah H. Wilkinson|Cole N. Bridges|Abraham A. Merritt|Amir I. Randall
Fletcher G. Richmond|Hu O. Howell|Joelle U. Rowland|Emerald D. Mccarthy
Burton P. Heath|Bruce N. Haley|Nyssa H. Mcdowell|Jael M. Munoz
Mason X. Delaney|Patricia A. Holden|Christine P. Wilder|Kathleen B. Stevens
Clinton J. Sawyer|Sandra Y. Cantu|Isabella V. Dunn|Hedley E. Decker
Jordan W. Fields|Mannix Y. Robinson|Kennan T. Collins|Ira C. Morin
Igor Y. Shields|Nash E. Joyner|Anika A. Golden|Thomas A. Delgado
Brooke N. Irwin|Allegra W. Tyler|Karen T. Shields|Nero D. Barron
Rama Q. Love|Patience C. Houston|Coby W. Dorsey|Keaton H. Gaines
Daquan V. Montgomery|Ina G. Martinez|Chava P. Prince|Laith F. Giles
Brody H. York|Otto S. Marsh|Mark E. Gomez|Shoshana T. Roth
Micah U. Whitaker|Olivia E. Harrell|Hammett D. Day|Lydia K. Strong
Adrienne F. Blair|Bree E. Callahan|Alma A. Hanson|Quentin J. Gregory
Uriel Y. Pittman|Paula V. Lowe|Judith H. Reilly|Kaden O. Workman
Fay W. Moss|Leilani F. Garner|Wade Y. Hawkins|Urielle B. Fitzpatrick
Rinah T. Neal|Nolan F. Fuller|Kyle E. Marks|Ina C. Mullen
Breanna R. Vaughan|Candice W. Dale|Imogene K. Haney|Yoshi S. Williams
Leroy M. Duncan|Thane C. Henry|Ray J. Hardin|Freya T. Hardy
Madonna T. Huffman|Kieran E. Mckinney|Emerald S. Bond|Ezra B. Patel
Cyrus Z. Collins|Lance Q. Walton|Giselle G. Petty|Ferris U. Downs
Ryder I. Dunn|Keelie R. Delacruz|Joshua J. Oneil|Amal Z. Oliver
Abel S. Savage|Phelan J. Ross|Whoopi T. Bryant|Quinlan M. Olson
Patricia M. Yang|Brynn G. Cardenas|Forrest M. Lucas|MacKensie D. Delacruz
Griffith M. Mcgee|Donna W. Gibson|Jorden U. Boyd|Judah X. Brewer
Cecilia B. Fuller|Katelyn L. Herman|Gray P. Flowers|Drake G. Jensen
Keiko M. Bender|Echo B. Porter|Stone O. Bowen|Dakota G. Singleton
Constance P. Dejesus|Riley E. Mejia|Beck G. Maynard|Allen Y. Love
Clare M. Mcmahon|Shaine P. Nash|Octavius U. Rowe|Tyrone J. Calhoun
Susan I. Humphrey|Kimberley B. Estrada|Neil S. Patterson|Blaze Y. Harrell
Todd J. Trujillo|Sandra V. Arnold|Lionel U. Mcknight|Flynn P. Everett
Dara F. Riddle|Pandora A. Trevino|Tanya F. Terry|Barclay G. Stevens
Naomi I. Alexander|Allegra K. Nunez|Byron P. Mcfadden|Wesley X. Prince
Echo N. Soto|Guy L. Gonzales|Madeson X. Pugh|Urielle O. Salas
Honorato Q. Mcclain|Whitney I. Chandler|Barry U. Wise|Aidan J. Johns
Dante C. Burke|Elvis Q. Bernard|Brock S. Chavez|Sawyer G. Klein
Hollee M. Kidd|Honorato Q. Byrd|Anthony I. Haley|Hyatt B. Moon
Uma Y. Santana|Preston X. Lang|Imani W. Harrell|Karina B. Clay
Wade N. Fowler|Eaton J. Lang|Uriel F. Justice|Kelly U. Scott
Maris D. Wade|Jack X. Huber|Quinn W. Kirby|Rhonda O. Schultz
Ashely E. Powell|Cheryl Z. Dean|Shelley H. Hurst|Fay E. Anderson
Quamar Z. Wagner|Kareem E. Crawford|Kelly A. Stanley|Tamekah A. Benson
Ivory F. Gomez|Abbot G. Conner|Chase V. Price|Evangeline H. Oneill
Ashton Z. Mccray|Kasimir E. Rivers|Adam P. Chen|Orla I. Knapp
Boris D. Stout|Jasper B. Mcleod|Mercedes U. Craft|Kelsey X. Santana
Fuller P. Mcgee|Kimberly P. Sexton|Montana I. Garza|Neil Z. Schultz
Brady Z. Cannon|Thomas K. Reed|Ursa K. Glenn|Elaine G. Neal
Shaine N. Blevins|Hyatt H. Cobb|Gretchen P. Sheppard|Shannon Z. Lyons
Macy H. Glass|Carly E. Deleon|Rebecca Q. Huffman|Noble L. Mcgee
Donna Z. Gibson|Malik J. Wheeler|Graiden B. Nieves|Jacob T. Malone
Macaulay V. Guzman|Blaine R. Merrill|Desirae S. Mack|Caleb A. Neal
Karina O. George|Eric M. Ayers|Marcia F. Kelley|Hedley A. Farley
Alma C. Drake|Kevin U. Simmons|Xavier F. Mcintosh|John X. Lindsay
Amethyst U. Richards|Alana U. Bowen|Omar F. Buchanan|Stephen S. Fleming
Hamilton J. Craft|Grady W. Boone|Aaron M. Cummings|Renee Z. Figueroa
Meghan N. Tran|Rylee U. Jordan|Castor K. Castaneda|Laith K. Riley
Violet Q. Dalton|Karleigh D. Goff|Basia V. Gardner|Kenneth U. Porter
Audrey R. Russell|Jessamine A. Lowery|Brent M. Patel|Harding G. James
Sebastian A. Berg|Aurora Y. Hunt|Tatiana B. Stephenson|Eagan N. Charles
Deacon M. Gentry|Indira H. Vargas|Jayme L. Bowers|Leslie Q. Frederick
Sigourney Y. Sherman|Connor T. Gay|Scarlet H. Dean|Raphael T. Stanley
Alika I. Hoover|Madonna N. Zamora|Henry W. Rosario|Vance B. Weber
Hanna O. Bradley|Cody H. Shelton|Isadora R. Miles|Acton J. Wolfe
Blythe N. Mejia|Taylor L. Mays|Cora O. Fields|Hamish Y. Cruz
Sydney P. Perkins|Carly K. Santana|Miranda D. Greene|Cassandra A. Hart
Colt Z. Wiley|Callie Q. Madden|Forrest H. Hancock|Jermaine W. Wheeler
Isabelle X. Bradford|Owen R. Mason|Kirestin N. Dickson|Burke F. Landry
William F. Ramsey|Madonna C. Marshall|Colton B. Odom|Raphael G. Melton
Darius W. Montoya|Rama V. Ford|Audra L. Shields|Azalia X. Massey
Lilah D. Montgomery|Aiko Q. Stark|Kirby Y. Price|Quamar F. Murphy
Magee B. Haney|Eaton D. Henderson|Oliver S. Buck|Keiko V. Vega
John V. Bonner|Duncan K. Finch|Kirk X. Lowe|Yoko B. Kemp
Cameron E. Smith|Ignacia F. Sosa|Kirsten N. Kramer|Azalia P. Dixon
Rigel W. Bird|Martin B. Barrett|Kirby U. Kinney|Amos Y. Juarez
Rama E. Morales|Amal C. Landry|Octavia C. Lynn|Odessa O. Wong
Jin D. Davis|William D. Coffey|Xantha B. May|Evangeline S. Estes
Marshall J. Pruitt|Hollee E. Reese|Nerea F. Vaughn|Freya H. Melendez
Emma R. Mccoy|Noble C. Crosby|Lawrence D. Hess|Halee C. Jennings
Pascale R. Hanson|Gwendolyn U. Shelton|Boris U. Combs|Katelyn K. Houston